INSERT INTO `account` VALUES ('admin001','admin','123','Pro Top 1','Admin','2025-11-10 10:00:00','2025-11-14 14:38:02'),('student001','viethuy','123','Dương Việt Huy','Student','2025-11-10 10:00:00','2025-11-14 13:53:36'),('teacher001','giaovien','123','Nguyễn Thị T','Teacher','2025-11-10 10:00:00','2025-11-14 12:20:31');
INSERT INTO `practice_history` VALUES (0000000001,'admin001',5,0,'2025-11-13 10:29:31','2025-11-13 10:29:32'),(0000000002,'admin001',5,0,'2025-11-13 10:35:36','2025-11-13 10:35:42'),(0000000003,'admin001',5,3,'2025-11-13 10:36:06','2025-11-13 10:36:29'),(0000000004,'admin001',5,2,'2025-11-13 10:57:43','2025-11-13 10:57:51'),(0000000005,'student001',5,0,'2025-11-13 14:41:14','2025-11-13 14:41:16'),(0000000006,'student001',5,2,'2025-11-13 14:54:58','2025-11-13 14:55:07'),(0000000007,'student001',6,0,'2025-11-13 14:55:12','2025-11-13 14:55:15'),(0000000008,'admin001',6,1,'2025-11-13 14:55:42','2025-11-13 14:55:50'),(0000000009,'admin001',5,1,'2025-11-13 14:56:02','2025-11-13 14:56:09'),(0000000010,'admin001',5,3,'2025-11-13 15:08:19','2025-11-13 15:08:25'),(0000000011,'admin001',5,3,'2025-11-13 15:08:29','2025-11-13 15:08:34'),(0000000012,'admin001',8,2,'2025-11-13 16:42:05','2025-11-13 16:42:17'),(0000000013,'admin001',8,0,'2025-11-13 17:59:26','2025-11-13 17:59:27'),(0000000014,'admin001',10,5,'2025-11-13 18:07:03','2025-11-13 18:07:19'),(0000000015,'student001',10,3,'2025-11-13 18:13:05','2025-11-13 18:13:19'),(0000000016,'admin001',5,3,'2025-11-14 13:30:25','2025-11-14 13:30:33'),(0000000018,'admin001',5,1,'2025-11-14 14:00:29','2025-11-14 14:00:35'),(0000000019,'c2da7',5,0,'2025-11-14 14:33:20','2025-11-14 14:33:22');
INSERT INTO `question` VALUES (1,'Muriel Macy informed the accounting department that she ______ her reimbursement form.','revising','revise','would revise','was revised','B','No','admin001'),(2,'The journal article states that the research team\'s _______ are confirmation of the medication\'s effectiveness.','finding','findings','find','found','B','No','admin001'),(3,'The supplies in the storage room are for everyone, so workers can take ______ they need.','these','many','whatever','that','C','No','admin001'),(4,'The small business owner decided to use a stock photo database _______ hire a full-time photographer.','for example','with regard to',' in case','rather than','D','No','admin001'),(5,'The laboratory\'s equipment is ______ cleaned thoroughly after use to avoid cross-contamination between projects.','much','afterward','straight','always','D','No','admin001'),(6,'The security guard refused Mr. Dillon _______ because he could not provide a valid employee badge.','admits','admittedly','admittance','admitting','C','No','admin001'),(7,'The national media _______ ignored the report on bridge safety and recommendations.','large','largest','largely','larger','C','No','admin001'),(11,'The new security system can provide _______ by phone when a window or door has been opened.','alertly','alerts','alert','alerted','B','','admin001'),(12,'Employees will be reimbursed ______ for the expenses they incurred during the business trip.','soon','very','many','about','A','','admin001'),(13,'Ms.Herrera and Mr.Lee set up most of the centerpieces for the banquet ______ because the rest of the team got stuck in traffic.','theirs','their','their own','themselves','D','','admin001'),(14,'The stunning white sands of Sheridan Beach ______ thousands of tourists every year.','exhibit','attract','improve','feature','B','','admin001'),(15,'The budget prepared by Mr. Elliot does not account ______ changes in currency rates, so it was considered inaccurate.','for','through','of','upon','A','','admin001'),(16,'Ms. Harvey, whose sculptures are on display at the gallery, has worked as a professional artist ______ more than forty years.','for','to','at','of','A','','admin001'),(17,'Reporters pointed out that______ of the remarks made by the company’s CEO were incorrect.','what','other','several','even','C','','admin001'),(18,'The Carlyle Research Library houses the most ______collection of manuscripts produced by novelist Ann Ortega.','extends','extensive','extended','extension','B','','admin001'),(19,'Many online retailers may consider______their security measures so that sensitive customer data cannot be stolen.','to modify','modifies','modifying','modified','C','','admin001'),(20,'The company was nominated for several awards in its field, and this has led to increased investor ______.','enthuse','enthusiastic','enthusiasm','enthusiastically','C','','admin001'),(21,'Mr. Mueller was surprised that the suggestion most favored by the management team was in fact ______.','his','himself','him','he','A','','admin001'),(22,'The new machinery installed at Bonfoy Manufacturing is capable of______hundreds of yards of fabric per day.','produce','producer','producing','produces','C','','admin001'),(23,'The scales developed by Condor Laboratories weigh both liquids and solids______unprecedented precision.','around','unlike','toward','with','D','','admin001'),(24,'Visitors to the Santa Rosa Resort______tip the housekeeping staff $5 per night’s stay.','mutually','customarily','sharply','perfectly','B','','admin001'),(25,'Six companies entered bids for the construction of the city’s recreation center, and ______met the required criteria for the project.','both','all','anyone','everything','B','','admin001');
